Timestamp,Thrust,PWM
0.024,-7.3,0
0.112,-7.35,0
0.212,-7.35,0
0.31,-7.3,0
0.41,-7.35,0
0.509,-7.35,0
0.608,-7.4,0
0.708,-7.3,0
0.807,-7.35,0
0.906,-7.4,0
1.005,-7.3,0
1.105,-7.35,0
1.203,-7.35,0
1.303,-7.2,0
1.401,-7.25,0
1.501,-7.3,0
1.601,-7.35,0
1.701,-7.35,0
1.798,-7.35,0
1.9,-7.3,0
1.998,-7.35,0
2.098,-7.25,0
2.197,-7.25,0
2.297,-7.25,0
2.395,-7.25,0
2.495,-7.3,0
2.595,-7.35,0
2.693,-7.25,0
2.793,-7.4,0
2.893,-7.35,0
2.992,-7.35,0
3.091,-7.4,1
3.191,-7.35,4
3.289,-7.35,5
3.39,-7.3,6
3.487,-7.3,7
3.588,-7.25,8
3.687,-7.3,9
3.786,-7.25,10
3.886,-7.3,10
3.986,-9.1,11
4.085,-12.1,11
4.184,-7.35,11
4.284,-2.95,11
4.384,-1.05,12
4.482,-546,12
4.581,0,12
4.681,-0.45,12
4.779,-2.7,12
4.88,-1.85,12
4.978,-1.6,12
5.078,-0.85,12
5.176,-0.3,12
5.277,0,12
5.375,-0.15,12
5.475,-0.45,12
5.574,-0.2,13
5.673,0,13
5.773,0,13
5.873,0,14
5.972,0,14
6.07,0,14
6.171,0,15
6.269,0,16
6.369,0,16
6.469,0,17
6.568,0,17
6.666,0,17
6.767,0,17
6.865,0,17
6.965,0,17
7.065,0,17
7.164,0,17
7.262,0,17
7.363,0,17
7.461,0,17
7.561,0,17
7.66,0,17
7.76,0,17
7.859,0,17
7.959,0,17
8.058,0,17
8.157,0,17
8.257,0,17
8.355,0,17
8.455,0,17
8.554,0,17
8.654,0,17
8.753,0,17
8.853,0,17
8.951,0,18
9.051,0,18
9.15,0,19
9.249,0,19
9.349,0,20
9.449,0,20
9.548,0,21
9.647,0,21
9.747,0,21
9.846,0,21
9.945,0,21
10.045,0,21
10.144,0,21
10.243,0,21
10.343,0,21
10.442,0,21
10.541,0,21
10.641,0,21
10.741,0,21
10.839,0,21
10.94,0,21
11.038,0,21
11.137,0,21
11.237,0,21
11.336,0,21
11.435,0,21
11.535,0,21
11.634,0,19
11.732,0,16
11.833,0,15
11.932,0,13
12.031,0,12
12.131,-1.1,11
12.23,-1.9,9
12.329,-1.7,7
12.429,-2.75,4
12.528,-3.8,2
12.627,-3.95,1
12.726,-4.15,1
12.826,-4.55,1
12.925,-4.95,2
13.027,-4.7,2
13.124,-4.75,3
13.223,-4.7,3
13.322,-4.35,3
13.422,-5.5,6
13.521,-5.6,8
13.62,-5.55,9
13.72,-5.55,11
13.819,-6.6,13
13.919,-2.15,14
14.018,-0.4,15
14.117,0,16
14.216,0,17
14.316,0,18
14.415,0,19
14.514,0,19
14.614,0,19
14.713,0,20
14.811,0,20
14.911,0,21
15.012,0,22
15.11,0,23
15.21,0,24
15.309,0,24
15.408,0,26
15.511,0,28
15.607,0,29
15.706,0,29
15.806,0,30
15.905,0,30
16.004,0,30
16.104,0,30
16.203,0,30
16.303,0,30
16.402,0,31
16.501,0,31
16.6,0,31
16.701,0,31
16.799,0,32
16.898,0,32
16.998,0,32
17.097,0,34
17.196,0,35
17.296,0,35
17.395,0,35
17.494,0,35
17.594,0,35
17.693,0,35
17.792,0,35
17.892,0,35
17.992,0,35
18.09,0,35
18.19,0,35
18.292,0,35
18.388,0,37
18.488,0,38
18.587,0,39
18.686,0,39
18.786,0,39
18.885,0,39
18.985,0,39
19.084,0,39
19.183,0,39
19.282,0,39
19.382,0,40
19.482,0,40
19.58,0,40
19.68,0,40
19.779,0,40
19.878,0,40
19.978,0,40
20.088,0,40
20.177,0,40
20.276,0,40
20.375,0,40
20.474,0,40
20.574,0,40
20.673,0,40
20.772,0,40
20.872,0,40
20.971,0,40
21.07,0,39
21.17,0,38
21.269,0,38
21.368,0,38
21.468,0,38
21.568,0,37
21.666,0,36
21.768,0,35
21.864,0,33
21.965,0,31
22.064,0,28
22.166,0,26
22.263,0,23
22.362,0,22
22.461,0,22
22.56,0,22
22.66,0,22
22.759,0,22
22.859,0,22
22.956,0,20
23.057,0,19
23.156,0,18
23.255,0,18
23.355,0,18
23.454,0,18
23.553,0,18
23.653,0,18
23.752,0,18
23.851,0,18
23.951,0,18
24.051,0,18
24.149,0,18
24.25,0,18
24.349,0,18
24.448,0,18
24.548,0,18
24.647,0,18
24.746,0,18
24.846,0,18
24.945,0,18
25.044,0,18
25.144,0,18
25.242,0,18
25.342,0,18
25.441,0,18
25.541,0,18
25.64,0,18
25.74,0,18
25.838,0,18
25.938,0,18
26.037,0,17
26.137,0,14
26.236,0,12
26.335,-1.05,10
26.435,-2.75,10
26.534,-3.65,10
26.634,-3.8,10
26.732,-3.7,10
26.831,-3.45,10
26.932,-3.75,10
27.031,-3.3,10
27.129,-3.25,10
27.23,-3.4,10
27.327,-2.9,10
27.428,-2.2,10
27.528,-2.2,10
27.627,-1.8,10
27.726,-1.45,10
27.875,-1.15,10
27.929,-0.95,10
28.024,-0.4,10
28.124,-0.45,10
28.223,-0.4,10
28.322,-0.3,10
28.422,-0.25,10
28.521,-0.6,10
28.618,-0.8,10
28.72,-0.35,10
28.818,-0.05,10
28.918,-0.15,10
29.018,-0.45,10
29.117,-0.9,10
29.215,-0.95,10
29.316,-0.75,10
29.415,-0.45,10
29.514,-0.65,10
29.614,-0.6,10
29.712,-0.25,10
29.812,-0.25,10
29.912,0,10
30.011,-0.1,10
30.11,-0.6,10
30.21,-0.95,10
30.309,-1.1,10
30.408,-1.2,10
0.072,-0.9,10
0.171,-0.7,10
0.27,-0.5,10
0.369,-0.2,10
0.469,-0.45,10
0.568,-0.55,10
0.668,-0.7,10
0.767,-0.35,10
0.866,-0.25,10
0.965,-0.45,10
1.065,-0.55,10
1.164,-0.65,10
1.264,-0.5,10
1.363,-0.4,10
1.462,-0.2,10
1.561,-0.35,10
1.661,-0.5,10
1.76,-0.6,10
1.859,-1,10
1.959,-0.85,10
2.058,-1,10
2.157,-0.85,10
2.257,-0.6,10
2.356,-0.65,10
2.455,-0.85,10
2.555,-1,10
2.654,-0.95,10
2.753,-1.05,10
2.853,-0.85,10
2.952,-0.55,10
3.051,-0.3,10
3.151,-0.3,10
3.25,-0.75,10
3.349,-0.95,10
3.449,-0.75,10
3.548,-0.75,10
3.647,-0.35,10
3.747,-0.25,10
3.846,-0.4,10
3.946,-0.7,10
4.045,-0.65,10
4.144,-0.15,10
4.243,-0.4,10
4.343,-0.65,10
4.442,-0.4,10
4.541,-0.7,10
4.641,-0.7,10
4.74,-0.45,10
4.839,-0.55,10
4.939,-0.75,9
5.038,-0.85,7
5.137,-1.65,4
5.237,-3.5,1
5.336,-6.15,0
5.435,-7.65,0
5.535,-7.8,0
5.634,-7.85,0
5.733,-7.8,0
5.833,-7.85,0
5.932,-7.9,0
6.031,-8.05,0
6.131,-8.05,0
6.231,-8.15,0
6.329,-8.1,0
6.429,-8.3,0
6.528,-8.4,0
6.627,-8.3,0
6.727,-8.3,0
6.827,-8.3,0
6.925,-8.4,0
7.026,-8.45,0
7.125,-8.35,0
7.224,-8.35,0
7.324,-8.4,0
7.422,-8.35,0
7.521,-8.45,0
7.621,-8.55,0
7.721,-8.45,0
7.82,-8.5,0
7.919,-8.6,0
8.019,-8.7,0
8.117,-8.7,0
8.216,-8.55,0
8.317,-8.5,0
8.415,-8.5,0
8.515,-8.55,0
0.032,-8.6,0
0.132,-8.7,0
0.231,-8.55,0
0.33,-8.75,0
0.429,-8.7,0
0.528,-8.6,0
0.628,-8.65,0
0.727,-8.7,0
0.827,-8.65,0
0.927,-8.5,0
1.026,-8.6,0
1.124,-8.7,0
1.225,-8.65,0
1.323,-8.65,0
1.423,-8.75,0
1.522,-8.9,0
1.622,-8.75,0
1.72,-8.65,0
1.821,-8.65,0
1.921,-8.65,0
2.018,-8.6,3
2.118,-8.75,6
2.217,-8.8,8
2.316,-8.8,11
2.416,-9.1,13
2.515,-10.25,15
2.615,-6.5,17
2.714,-4.4,17
2.813,-1.9,17
2.913,-0.65,18
3.011,0,19
3.112,0,19
3.21,0,20
3.309,0,22
3.409,0,22
3.508,0,22
3.608,0,22
3.707,0,22
3.806,0,22
3.905,0,22
4.005,0,22
4.104,0,22
4.203,0,22
4.304,0,22
4.402,0,22
4.501,0,22
4.601,0,22
4.7,0,22
4.799,0,22
4.899,0,22
4.998,0,22
5.097,0,22
5.197,0,22
5.296,0,22
5.396,0,22
5.495,0,22
5.595,0,22
5.693,0,22
5.794,0,22
5.893,0,22
5.992,0,22
6.092,0,22
